{
	"info": {
		"_postman_id": "d1b17962-91f0-468c-b3ef-fefe03cdbdb1",
		"name": "Portfolio",
		"schema": "https://schema.getpostman.com/json/collection/v2.1.0/collection.json",
		"_exporter_id": "25299661"
	},
	"item": [
		{
			"name": "Get All Comments",
			"request": {
				"method": "GET",
				"header": [],
				"url": {
					"raw": "http://127.0.0.1:8000/portfolio/",
					"protocol": "http",
					"host": [
						"127",
						"0",
						"0",
						"1"
					],
					"port": "8000",
					"path": [
						"portfolio",
						""
					]
				}
			},
			"response": []
		},
		{
			"name": "Post Comment",
			"request": {
				"method": "POST",
				"header": [],
				"body": {
					"mode": "raw",
					"raw": "",
					"options": {
						"raw": {
							"language": "json"
						}
					}
				},
				"url": {
					"raw": "http://127.0.0.1:8000/portfolio/contact/",
					"protocol": "http",
					"host": [
						"127",
						"0",
						"0",
						"1"
					],
					"port": "8000",
					"path": [
						"portfolio",
						"contact",
						""
					]
				}
			},
			"response": []
		}
	]
}